"Supplementary Table 1.  List of mitochondrial SNPs on the custom panel associated with Hi-MC.  For each SNP, the mito SNP ID, rs number (if avaialble), classifying allele, associated haplogroup, and references to the haplogrouping assignments (in PubMed IDs) are given.  Note that the associated haplogroup shown is based on the reduced PhyloTree presented in Mitchell et al 2014 (PMID:24488180 and PMC4113317).  Also, the haplogroup in the associated haplogroup column may require other SNPs in the custom panel for this assignment.  Please referece to Mitchell et al 2014 for details.",,,,
mito_snp_id,rsid,classifying_allele,associated_haplogroup,references
MT10115,rs3899188,C,L2 ,PMID:18853457
MT1018,rs2856982,G ,L3,PMID:20707610; PMID:18853457 
MT10398,rs2853826,G,K1,PMID:15234467; PMID:20707610
MT10400,rs28358278,T,M ,PMID:21172459; PMID:20707610; PMID:18853457
MT10550,rs28358280,G,K,PMID:18853457
MT11177,rs28358284,T,B2,PMID:18853457
MT11251,rs3915952,G,JT,PMID:18853457
MT11719,rs2853495,G,R0,PMID:20707610; PMID:18853457
MT11947,rs28359168,G,W,PMID:18853457
MT12007,rs2853497,A ,A2,PMID:18853457
MT12308,rs2853498,G,U ,PMID:15234467; PMID:20707610; PMID:18853457
MT12414,-,C,N2,PMID:18853457
MT12705,-,C,R ,PMID:21172459; PMID:20707610; PMID:18853457 
MT13263,rs28359175  ,G,C,PMID:21172459; PMID:18853457
MT13368,rs3899498,A ,T,PMID:15234467; PMID:18853457
MT13506,rs2857287,C,L2'3'4'6,PMID:18853457
MT13708,rs28359178,A ,J,PMID:15234467; PMID:21172459; PMID:18853457
MT13789,rs28359179,C,L1,PMID:20707610; PMID:18853457
MT14178,rs28357671,C,L1,PMID:20707610; PMID:18853457
MT14318,rs28357675,C,C,PMID:20707610; PMID:18853457
MT1438,rs2001030,A ,H2,PMID:20707610; PMID:18853457
MT14470,-,C,K ,PMID:20707610; PMID:21172459; PMID:18853457
MT14560,rs28357676,A ,L1,PMID:18853457
MT14668,rs28357678,T,D4,PMID:18853457
MT14766,rs3135031,C,HV,PMID:21172459; PMID:20707610; PMID:18853457
MT14905,rs28357682,A ,T,PMID:18853457
MT15043,rs28357684,A ,N1a1b,PMID:20707610; PMID:18853457
MT15326,-,A ,H2a2a,PMID:18853457
MT15452,rs3088309,A ,JT,PMID:18853457
MT15535,rs28357371,T,B4b'd'e,PMID:20707610; PMID:18853457
MT16111,-,T,A2,PMID:20707610; PMID:18853457
MT16189,-,C,T1,PMID:18853457
MT16271,-,C,JT,PMID:18853457
MT16362,-,C,L4,PMID:18853457
MT16390,-,A ,L2,PMID:18853457
MT16391,rs34301918,A ,I,PMID:15234467; PMID:18853457
MT16391,-,A ,I,PMID:18853457 
MT1719,rs3928305,A ,X2,PMID:15234467; PMID:21172459; PMID:18853457
MT1736,rs28358574,G,A,PMID:20707610; PMID:21172459; PMID:18853457
MT2092,-,T,D1,PMID:20707610; PMID:18853457
MT3505,rs28358585,G,W,PMID:18853457
MT3552,rs28358587  ,A ,C,PMID:18853457
MT3594,rs2854134,C,L3'4,PMID:20707610; PMID:18853457
MT4580,rs28357975  ,A ,V,PMID:15234467; PMID:20707610; PMID:21172459; PMID:18853457
MT4769,-,A ,H2a,PMID:20707610; PMID:18853457
MT4883,-,T,M80'D,PMID:21172459; PMID:18853457
MT4917,rs28357980,G,T,PMID:20707610; PMID:18853457
MT4977,rs28357981,C,B2,PMID:18853457
MT5178,rs28357984 ,A ,D ,PMID:20707610; PMID:18853457
MT5442,rs3020601,C,L0,PMID:20707610; PMID:21172459; PMID:18853457
MT6371,-,T,X ,PMID:18853457
MT7028,rs2015062,C,H,PMID:15234467; PMID:20707610; PMID:21172459; PMID:18853457
MT825,rs2853520,T,L2'3'4'6,PMID:18853457
MT8251,rs3021089,A ,N1a1b,PMID:15234467; PMID:21172459;  PMID:18853457
MT8414,rs28358884,T,D4,PMID:18853457
MT8468,rs1116907,C,L2'3'4'6,PMID:18853457
MT8703,-,T,D2,PMID:18853457
MT9042,rs3020605,T,L0,PMID:18853457
MT9055,rs9645429  ,A ,U8b,PMID:15234467; PMID:21172459 
MT9347,rs2853824,G,L0,PMID:20707610; PMID:18853457
MT9950,rs3134801,C,B2,PMID:20707610; PMID:18853457